<?xml version="1.0" encoding="UTF-8"?>
<!--

 This jgroup configuration discovers only nodes running on the local machine using the 127.0.0.1 local address.
 It does not use multicast, but unicast.

-->
<config xmlns="urn:org:jgroups"
        xmlns:xsi="http://www.w3.org/2001/XMLSchema-instance"
        xsi:schemaLocation="urn:org:jgroups http://www.jgroups.org/schema/jgroups-4.0.xsd">
 

<UDP bind_addr="192.168.0.12" mcast_addr="228.6.7.8" mcast_port="46655"
                      ip_ttl="64" ip_mcast="true"   
                      mcast_send_buf_size="150000" mcast_recv_buf_size="80000"  
                      ucast_send_buf_size="150000" ucast_recv_buf_size="80000"  
                      />


  <TCPPING port_range="5"/>
  <MERGE3 min_interval="10000"
          max_interval="30000"
  />
  <FD_SOCK/>
  <FD_ALL timeout="60000"
          interval="15000"
          timeout_check_interval="5000"
  />
  <VERIFY_SUSPECT timeout="5000"/>
  <pbcast.NAKACK2 use_mcast_xmit="false"
                  xmit_interval="1000"
                  xmit_table_num_rows="50"
                  xmit_table_msgs_per_row="1024"
                  xmit_table_max_compaction_time="30000"
                  resend_last_seqno="true"
  />
  <UNICAST3 xmit_interval="500"
            xmit_table_num_rows="50"
            xmit_table_msgs_per_row="1024"
            xmit_table_max_compaction_time="30000"
            conn_expiry_timeout="0"
  />
  <pbcast.STABLE stability_delay="500"
                 desired_avg_gossip="5000"
                 max_bytes="1M"
  />
  <pbcast.GMS print_local_addr="false"
              join_timeout="${jgroups.join_timeout:5000}"
  />
  <MFC max_credits="2m"
       min_threshold="0.40"
  />
  <CENTRAL_LOCK use_thread_id_for_lock_owner="false" bypass_bundling="true"/>
  <COUNTER bypass_bundling="true"/>
</config>
